TargetScore,miRNA,GeneSymbol,GeneDescription
99,mmu-miR-147-5p,Phip,pleckstrin homology domain interacting protein
99,mmu-miR-147-5p,Map1b,microtubule-associated protein 1B
99,mmu-miR-147-5p,Tle1,transducin-like enhancer of split 1
99,mmu-miR-147-5p,Kcnb1,"potassium voltage gated channel, Shab-related subfamily, member 1"
98,mmu-miR-147-5p,Slc4a7,"solute carrier family 4, sodium bicarbonate cotransporter, member 7"
97,mmu-miR-147-5p,Zfp91,zinc finger protein 91
97,mmu-miR-147-5p,Cnot6l,"CCR4-NOT transcription complex, subunit 6-like"
97,mmu-miR-147-5p,Cnih1,cornichon family AMPA receptor auxiliary protein 1
97,mmu-miR-147-5p,Rora,RAR-related orphan receptor alpha
97,mmu-miR-147-5p,Ikzf1,IKAROS family zinc finger 1
97,mmu-miR-147-5p,Emp2,epithelial membrane protein 2
97,mmu-miR-147-5p,Agk,acylglycerol kinase
97,mmu-miR-147-5p,Clint1,clathrin interactor 1
96,mmu-miR-147-5p,Kmt2c,lysine (K)-specific methyltransferase 2C
96,mmu-miR-147-5p,Tmem98,transmembrane protein 98
96,mmu-miR-147-5p,Sft2d3,SFT2 domain containing 3
96,mmu-miR-147-5p,Htr4,5 hydroxytryptamine (serotonin) receptor 4
96,mmu-miR-147-5p,Crkl,v-crk avian sarcoma virus CT10 oncogene homolog-like
96,mmu-miR-147-5p,Dclk1,doublecortin-like kinase 1
96,mmu-miR-147-5p,Med13l,mediator complex subunit 13-like
96,mmu-miR-147-5p,Nav3,neuron navigator 3
95,mmu-miR-147-5p,Sgip1,SH3-domain GRB2-like (endophilin) interacting protein 1
95,mmu-miR-147-5p,Vash2,vasohibin 2
95,mmu-miR-147-5p,Mfap3l,microfibrillar-associated protein 3-like
95,mmu-miR-147-5p,Tbl1x,transducin (beta)-like 1 X-linked
95,mmu-miR-147-5p,Atp10a,"ATPase, class V, type 10A"
95,mmu-miR-147-5p,Cntn3,contactin 3
95,mmu-miR-147-5p,Mbnl3,muscleblind like splicing factor 3
95,mmu-miR-147-5p,Aak1,AP2 associated kinase 1
95,mmu-miR-147-5p,Mylip,myosin regulatory light chain interacting protein
94,mmu-miR-147-5p,Fam222b,"family with sequence similarity 222, member B"
94,mmu-miR-147-5p,Tecpr2,tectonin beta-propeller repeat containing 2
94,mmu-miR-147-5p,Cmtr1,cap methyltransferase 1
94,mmu-miR-147-5p,Il1rap,interleukin 1 receptor accessory protein
94,mmu-miR-147-5p,Astn1,astrotactin 1
94,mmu-miR-147-5p,Mdp1,magnesium-dependent phosphatase 1
94,mmu-miR-147-5p,Ebag9,estrogen receptor-binding fragment-associated gene 9
94,mmu-miR-147-5p,9330182L06Rik,RIKEN cDNA 9330182L06 gene
94,mmu-miR-147-5p,Kdm5a,lysine (K)-specific demethylase 5A
94,mmu-miR-147-5p,Prlr,prolactin receptor
93,mmu-miR-147-5p,Ptprk,"protein tyrosine phosphatase, receptor type, K"
93,mmu-miR-147-5p,Dpp10,dipeptidylpeptidase 10
93,mmu-miR-147-5p,Picalm,phosphatidylinositol binding clathrin assembly protein
93,mmu-miR-147-5p,Tcf7l2,"transcription factor 7 like 2, T cell specific, HMG box"
93,mmu-miR-147-5p,Zfp706,zinc finger protein 706
93,mmu-miR-147-5p,G3bp2,GTPase activating protein (SH3 domain) binding protein 2
93,mmu-miR-147-5p,Heatr5a,HEAT repeat containing 5A
93,mmu-miR-147-5p,Tmem269,transmembrane protein 269
93,mmu-miR-147-5p,Mex3c,mex3 RNA binding family member C
92,mmu-miR-147-5p,Xiap,X-linked inhibitor of apoptosis
92,mmu-miR-147-5p,Tanc2,"tetratricopeptide repeat, ankyrin repeat and coiled-coil containing 2"
92,mmu-miR-147-5p,Ppp2r5e,"protein phosphatase 2, regulatory subunit B', epsilon"
92,mmu-miR-147-5p,Ino80d,INO80 complex subunit D
92,mmu-miR-147-5p,Phrf1,PHD and ring finger domains 1
92,mmu-miR-147-5p,Ttc41,tetratricopeptide repeat domain 41
92,mmu-miR-147-5p,Cd200,CD200 antigen
91,mmu-miR-147-5p,Lmbrd1,LMBR1 domain containing 1
91,mmu-miR-147-5p,Abcd3,"ATP-binding cassette, sub-family D (ALD), member 3"
91,mmu-miR-147-5p,Rnpc3,"RNA-binding region (RNP1, RRM) containing 3"
91,mmu-miR-147-5p,Psg28,pregnancy-specific glycoprotein 28
91,mmu-miR-147-5p,Eif1b,eukaryotic translation initiation factor 1B
91,mmu-miR-147-5p,Rgs5,regulator of G-protein signaling 5
91,mmu-miR-147-5p,Caps2,calcyphosphine 2
91,mmu-miR-147-5p,Gm5622,predicted gene 5622
91,mmu-miR-147-5p,Cep170,centrosomal protein 170
91,mmu-miR-147-5p,Serinc5,serine incorporator 5
91,mmu-miR-147-5p,Eml4,echinoderm microtubule associated protein like 4
91,mmu-miR-147-5p,Tsen34,tRNA splicing endonuclease subunit 34
90,mmu-miR-147-5p,Zc3h12c,zinc finger CCCH type containing 12C
90,mmu-miR-147-5p,Sez6,seizure related gene 6
90,mmu-miR-147-5p,Shprh,SNF2 histone linker PHD RING helicase
90,mmu-miR-147-5p,Pfn2,profilin 2
90,mmu-miR-147-5p,Cpq,carboxypeptidase Q
90,mmu-miR-147-5p,Chrnb2,"cholinergic receptor, nicotinic, beta polypeptide 2 (neuronal)"
90,mmu-miR-147-5p,Creb3l2,cAMP responsive element binding protein 3-like 2
90,mmu-miR-147-5p,St6gal1,"beta galactoside alpha 2,6 sialyltransferase 1"
90,mmu-miR-147-5p,1700012P22Rik,RIKEN cDNA 1700012P22 gene
90,mmu-miR-147-5p,1700025G04Rik,RIKEN cDNA 1700025G04 gene
90,mmu-miR-147-5p,Fam122b,"family with sequence similarity 122, member B"
90,mmu-miR-147-5p,Nfib,nuclear factor I/B
90,mmu-miR-147-5p,Stil,Scl/Tal1 interrupting locus
90,mmu-miR-147-5p,Usp48,ubiquitin specific peptidase 48
90,mmu-miR-147-5p,Anks1,ankyrin repeat and SAM domain containing 1
90,mmu-miR-147-5p,Zfyve16,"zinc finger, FYVE domain containing 16"
89,mmu-miR-147-5p,Unc5d,unc-5 netrin receptor D
89,mmu-miR-147-5p,Gpm6b,glycoprotein m6b
89,mmu-miR-147-5p,Cep97,centrosomal protein 97
89,mmu-miR-147-5p,Phf8,PHD finger protein 8
89,mmu-miR-147-5p,Cldn8,claudin 8
89,mmu-miR-147-5p,Ammecr1l,AMME chromosomal region gene 1-like
89,mmu-miR-147-5p,Prkab1,"protein kinase, AMP-activated, beta 1 non-catalytic subunit"
89,mmu-miR-147-5p,Lrch3,leucine-rich repeats and calponin homology (CH) domain containing 3
89,mmu-miR-147-5p,Elp1,elongator complex protein 1
89,mmu-miR-147-5p,Tbl1xr1,transducin (beta)-like 1X-linked receptor 1
89,mmu-miR-147-5p,Igsf3,"immunoglobulin superfamily, member 3"
89,mmu-miR-147-5p,Herc3,hect domain and RLD 3
89,mmu-miR-147-5p,Otud4,OTU domain containing 4
89,mmu-miR-147-5p,Hltf,helicase-like transcription factor
89,mmu-miR-147-5p,Gbp4,guanylate binding protein 4
89,mmu-miR-147-5p,Sh3pxd2a,SH3 and PX domains 2A
89,mmu-miR-147-5p,Rcan1,regulator of calcineurin 1
89,mmu-miR-147-5p,Cenpw,centromere protein W
89,mmu-miR-147-5p,Chic1,cysteine-rich hydrophobic domain 1
89,mmu-miR-147-5p,Efr3b,EFR3 homolog B
89,mmu-miR-147-5p,Akap10,A kinase (PRKA) anchor protein 10
88,mmu-miR-147-5p,Ubxn7,UBX domain protein 7
88,mmu-miR-147-5p,Milr1,mast cell immunoglobulin like receptor 1
88,mmu-miR-147-5p,Ovol2,ovo like zinc finger 2
88,mmu-miR-147-5p,Stk32b,serine/threonine kinase 32B
88,mmu-miR-147-5p,Tnrc6b,trinucleotide repeat containing 6b
88,mmu-miR-147-5p,Nup35,nucleoporin 35
88,mmu-miR-147-5p,Krt81,keratin 81
88,mmu-miR-147-5p,Pou4f1,"POU domain, class 4, transcription factor 1"
88,mmu-miR-147-5p,Arntl,aryl hydrocarbon receptor nuclear translocator-like
88,mmu-miR-147-5p,Ces1g,carboxylesterase 1G
88,mmu-miR-147-5p,Cbl,Casitas B-lineage lymphoma
88,mmu-miR-147-5p,Six4,sine oculis-related homeobox 4
88,mmu-miR-147-5p,Pafah2,platelet-activating factor acetylhydrolase 2
88,mmu-miR-147-5p,Arid4b,AT rich interactive domain 4B (RBP1-like)
88,mmu-miR-147-5p,Atp6v0d2,"ATPase, H+ transporting, lysosomal V0 subunit D2"
88,mmu-miR-147-5p,Otud1,OTU domain containing 1
88,mmu-miR-147-5p,Fam104a,"family with sequence similarity 104, member A"
88,mmu-miR-147-5p,Gabpb2,"GA repeat binding protein, beta 2"
87,mmu-miR-147-5p,Ubfd1,ubiquitin family domain containing 1
87,mmu-miR-147-5p,Tcf24,transcription factor 24
87,mmu-miR-147-5p,Pds5b,PDS5 cohesin associated factor B
87,mmu-miR-147-5p,Negr1,neuronal growth regulator 1
87,mmu-miR-147-5p,Hdlbp,high density lipoprotein (HDL) binding protein
87,mmu-miR-147-5p,Maf1,"MAF1 homolog, negative regulator of RNA polymerase III"
87,mmu-miR-147-5p,Laptm4a,lysosomal-associated protein transmembrane 4A
87,mmu-miR-147-5p,Rab33a,"RAB33A, member RAS oncogene family"
87,mmu-miR-147-5p,Ano3,anoctamin 3
87,mmu-miR-147-5p,Tmed8,transmembrane p24 trafficking protein 8
87,mmu-miR-147-5p,2010300C02Rik,RIKEN cDNA 2010300C02 gene
87,mmu-miR-147-5p,Gjc3,"gap junction protein, gamma 3"
87,mmu-miR-147-5p,Fam89a,"family with sequence similarity 89, member A"
87,mmu-miR-147-5p,Ranbp9,RAN binding protein 9
87,mmu-miR-147-5p,Larp1b,"La ribonucleoprotein domain family, member 1B"
87,mmu-miR-147-5p,Slc8b1,"solute carrier family 8 (sodium/lithium/calcium exchanger), member B1"
87,mmu-miR-147-5p,Pcdh7,protocadherin 7
87,mmu-miR-147-5p,Smg6,"Smg-6 homolog, nonsense mediated mRNA decay factor (C. elegans)"
87,mmu-miR-147-5p,Pnma2,paraneoplastic antigen MA2
87,mmu-miR-147-5p,Pde4d,"phosphodiesterase 4D, cAMP specific"
86,mmu-miR-147-5p,Tfcp2l1,transcription factor CP2-like 1
86,mmu-miR-147-5p,Pced1b,PC-esterase domain containing 1B
86,mmu-miR-147-5p,Trove2,"TROVE domain family, member 2"
86,mmu-miR-147-5p,Gmfb,"glia maturation factor, beta"
86,mmu-miR-147-5p,Tmem167,transmembrane protein 167
86,mmu-miR-147-5p,Trim33,tripartite motif-containing 33
86,mmu-miR-147-5p,Dact1,dishevelled-binding antagonist of beta-catenin 1
86,mmu-miR-147-5p,Dock10,dedicator of cytokinesis 10
86,mmu-miR-147-5p,Htr3a,5-hydroxytryptamine (serotonin) receptor 3A
86,mmu-miR-147-5p,Clec4d,"C-type lectin domain family 4, member d"
86,mmu-miR-147-5p,Amy2a2,amylase 2a2
86,mmu-miR-147-5p,Clock,circadian locomotor output cycles kaput
86,mmu-miR-147-5p,Ispd,isoprenoid synthase domain containing
86,mmu-miR-147-5p,Calhm5,calcium homeostasis modulator family member 5
86,mmu-miR-147-5p,Robo2,roundabout guidance receptor 2
86,mmu-miR-147-5p,Twist1,twist basic helix-loop-helix transcription factor 1
86,mmu-miR-147-5p,Amy2a3,amylase 2a3
86,mmu-miR-147-5p,Amy2a4,amylase 2a4
86,mmu-miR-147-5p,Tenm3,teneurin transmembrane protein 3
85,mmu-miR-147-5p,Aff3,"AF4/FMR2 family, member 3"
85,mmu-miR-147-5p,Sec11a,"SEC11 homolog A, signal peptidase complex subunit"
85,mmu-miR-147-5p,Dzip1,DAZ interacting protein 1
85,mmu-miR-147-5p,Mcm8,minichromosome maintenance 8 homologous recombination repair factor
85,mmu-miR-147-5p,Mmp21,matrix metallopeptidase 21
85,mmu-miR-147-5p,Extl2,exostoses (multiple)-like 2
85,mmu-miR-147-5p,Sgcz,sarcoglycan zeta
85,mmu-miR-147-5p,Krtap4-9,keratin associated protein 4-9
85,mmu-miR-147-5p,1700030J22Rik,RIKEN cDNA 1700030J22 gene
85,mmu-miR-147-5p,Ncam1,neural cell adhesion molecule 1
85,mmu-miR-147-5p,Zbtb34,zinc finger and BTB domain containing 34
85,mmu-miR-147-5p,Rnf152,ring finger protein 152
85,mmu-miR-147-5p,Cul4a,cullin 4A
85,mmu-miR-147-5p,Ago3,argonaute RISC catalytic subunit 3
85,mmu-miR-147-5p,Tet1,tet methylcytosine dioxygenase 1
85,mmu-miR-147-5p,Tcf20,transcription factor 20
85,mmu-miR-147-5p,Zfp772,zinc finger protein 772
85,mmu-miR-147-5p,Wdyhv1,WDYHV motif containing 1
85,mmu-miR-147-5p,Ncor1,nuclear receptor co-repressor 1
84,mmu-miR-147-5p,Rbm48,RNA binding motif protein 48
84,mmu-miR-147-5p,Slf2,SMC5-SMC6 complex localization factor 2
84,mmu-miR-147-5p,Pcdh19,protocadherin 19
84,mmu-miR-147-5p,D1Ertd622e,"DNA segment, Chr 1, ERATO Doi 622, expressed"
84,mmu-miR-147-5p,Wnk3,WNK lysine deficient protein kinase 3
84,mmu-miR-147-5p,Wdfy1,WD repeat and FYVE domain containing 1
84,mmu-miR-147-5p,Poteg,"POTE ankyrin domain family, member G"
84,mmu-miR-147-5p,Fam161b,"family with sequence similarity 161, member B"
84,mmu-miR-147-5p,Ist1,increased sodium tolerance 1 homolog (yeast)
84,mmu-miR-147-5p,Kras,Kirsten rat sarcoma viral oncogene homolog
84,mmu-miR-147-5p,Fam120a,"family with sequence similarity 120, member A"
84,mmu-miR-147-5p,Tmem18,transmembrane protein 18
84,mmu-miR-147-5p,Fxyd6,FXYD domain-containing ion transport regulator 6
84,mmu-miR-147-5p,Gucy1a2,"guanylate cyclase 1, soluble, alpha 2"
84,mmu-miR-147-5p,Syk,spleen tyrosine kinase
84,mmu-miR-147-5p,Xkr4,X-linked Kx blood group related 4
83,mmu-miR-147-5p,Rsu1,Ras suppressor protein 1
83,mmu-miR-147-5p,Hnrnpd,heterogeneous nuclear ribonucleoprotein D
83,mmu-miR-147-5p,Tipin,timeless interacting protein
83,mmu-miR-147-5p,Cers3,ceramide synthase 3
83,mmu-miR-147-5p,Tgfb2,"transforming growth factor, beta 2"
83,mmu-miR-147-5p,Siae,sialic acid acetylesterase
83,mmu-miR-147-5p,Sbno1,strawberry notch 1
83,mmu-miR-147-5p,Rps6ka6,ribosomal protein S6 kinase polypeptide 6
83,mmu-miR-147-5p,Scrg1,scrapie responsive gene 1
83,mmu-miR-147-5p,Foxo1,forkhead box O1
83,mmu-miR-147-5p,Zfp148,zinc finger protein 148
83,mmu-miR-147-5p,Klra1,"killer cell lectin-like receptor, subfamily A, member 1"
83,mmu-miR-147-5p,Pclo,piccolo (presynaptic cytomatrix protein)
83,mmu-miR-147-5p,Rc3h2,ring finger and CCCH-type zinc finger domains 2
83,mmu-miR-147-5p,Pi4k2a,phosphatidylinositol 4-kinase type 2 alpha
83,mmu-miR-147-5p,Arhgap30,Rho GTPase activating protein 30
83,mmu-miR-147-5p,4921517D22Rik,RIKEN cDNA 4921517D22 gene
83,mmu-miR-147-5p,Tyro3,TYRO3 protein tyrosine kinase 3
83,mmu-miR-147-5p,Map3k1,mitogen-activated protein kinase kinase kinase 1
83,mmu-miR-147-5p,Adcy6,adenylate cyclase 6
83,mmu-miR-147-5p,Aar2,AAR2 splicing factor homolog
83,mmu-miR-147-5p,Dusp16,dual specificity phosphatase 16
82,mmu-miR-147-5p,Oxa1l,oxidase assembly 1-like
82,mmu-miR-147-5p,Tcf23,transcription factor 23
82,mmu-miR-147-5p,Ubqlnl,ubiquilin-like
82,mmu-miR-147-5p,Arhgef12,Rho guanine nucleotide exchange factor (GEF) 12
82,mmu-miR-147-5p,Tmem200a,transmembrane protein 200A
82,mmu-miR-147-5p,Tpm2,"tropomyosin 2, beta"
82,mmu-miR-147-5p,Paqr9,progestin and adipoQ receptor family member IX
82,mmu-miR-147-5p,Tmem243,"transmembrane protein 243, mitochondrial"
82,mmu-miR-147-5p,Slc8a1,"solute carrier family 8 (sodium/calcium exchanger), member 1"
82,mmu-miR-147-5p,Akr1d1,"aldo-keto reductase family 1, member D1"
82,mmu-miR-147-5p,Bmp5,bone morphogenetic protein 5
82,mmu-miR-147-5p,Senp2,SUMO/sentrin specific peptidase 2
82,mmu-miR-147-5p,Zic3,zinc finger protein of the cerebellum 3
82,mmu-miR-147-5p,Eral1,Era (G-protein)-like 1 (E. coli)
82,mmu-miR-147-5p,Gosr2,golgi SNAP receptor complex member 2
82,mmu-miR-147-5p,Anxa9,annexin A9
82,mmu-miR-147-5p,Scn7a,"sodium channel, voltage-gated, type VII, alpha"
82,mmu-miR-147-5p,Rap1b,RAS related protein 1b
82,mmu-miR-147-5p,Klhl14,kelch-like 14
82,mmu-miR-147-5p,Nae1,NEDD8 activating enzyme E1 subunit 1
82,mmu-miR-147-5p,Ccr1,chemokine (C-C motif) receptor 1
82,mmu-miR-147-5p,Sh3bgr,SH3-binding domain glutamic acid-rich protein
82,mmu-miR-147-5p,Rpa1,replication protein A1
81,mmu-miR-147-5p,Ppbp,pro-platelet basic protein
81,mmu-miR-147-5p,Gdf2,growth differentiation factor 2
81,mmu-miR-147-5p,Cntnap2,contactin associated protein-like 2
81,mmu-miR-147-5p,Col4a6,"collagen, type IV, alpha 6"
81,mmu-miR-147-5p,Ppp2r1b,"protein phosphatase 2, regulatory subunit A, beta"
81,mmu-miR-147-5p,Kcna2,"potassium voltage-gated channel, shaker-related subfamily, member 2"
81,mmu-miR-147-5p,Lcorl,ligand dependent nuclear receptor corepressor-like
81,mmu-miR-147-5p,Glyr1,glyoxylate reductase 1 homolog (Arabidopsis)
81,mmu-miR-147-5p,Sox13,SRY (sex determining region Y)-box 13
81,mmu-miR-147-5p,Srsf4,serine/arginine-rich splicing factor 4
81,mmu-miR-147-5p,4931428F04Rik,RIKEN cDNA 4931428F04 gene
81,mmu-miR-147-5p,Palm2,paralemmin 2
81,mmu-miR-147-5p,Otud5,OTU domain containing 5
81,mmu-miR-147-5p,Mettl15,methyltransferase like 15
81,mmu-miR-147-5p,Fam196a,"family with sequence similarity 196, member A"
81,mmu-miR-147-5p,Sly,Sycp3 like Y-linked
81,mmu-miR-147-5p,Atg4c,"autophagy related 4C, cysteine peptidase"
81,mmu-miR-147-5p,Gm20736,"predicted gene, 20736"
80,mmu-miR-147-5p,Zfp568,zinc finger protein 568
80,mmu-miR-147-5p,Magi2,"membrane associated guanylate kinase, WW and PDZ domain containing 2"
80,mmu-miR-147-5p,Rnf166,ring finger protein 166
80,mmu-miR-147-5p,Pik3r1,phosphoinositide-3-kinase regulatory subunit 1
80,mmu-miR-147-5p,Mphosph10,M-phase phosphoprotein 10 (U3 small nucleolar ribonucleoprotein)
80,mmu-miR-147-5p,Rabgap1l,RAB GTPase activating protein 1-like
80,mmu-miR-147-5p,Nedd9,"neural precursor cell expressed, developmentally down-regulated gene 9"
80,mmu-miR-147-5p,Ino80,INO80 complex subunit
80,mmu-miR-147-5p,Mmp16,matrix metallopeptidase 16
80,mmu-miR-147-5p,Zdhhc5,"zinc finger, DHHC domain containing 5"
80,mmu-miR-147-5p,Rngtt,RNA guanylyltransferase and 5'-phosphatase
80,mmu-miR-147-5p,Dtx4,"deltex 4, E3 ubiquitin ligase"
80,mmu-miR-147-5p,Ccdc122,coiled-coil domain containing 122
80,mmu-miR-147-5p,Cdc42se2,CDC42 small effector 2
80,mmu-miR-147-5p,Cacybp,calcyclin binding protein
80,mmu-miR-147-5p,Prorsd1,prolyl-tRNA synthetase domain containing 1
80,mmu-miR-147-5p,Jarid2,"jumonji, AT rich interactive domain 2"
79,mmu-miR-147-5p,Srr,serine racemase
79,mmu-miR-147-5p,Kcna6,"potassium voltage-gated channel, shaker-related, subfamily, member 6"
79,mmu-miR-147-5p,Sfxn1,sideroflexin 1
79,mmu-miR-147-5p,Atp2b4,"ATPase, Ca++ transporting, plasma membrane 4"
79,mmu-miR-147-5p,Fbxw11,F-box and WD-40 domain protein 11
79,mmu-miR-147-5p,Wasf2,"WAS protein family, member 2"
79,mmu-miR-147-5p,Calml3,calmodulin-like 3
79,mmu-miR-147-5p,Tbx21,T-box 21
79,mmu-miR-147-5p,Eif2s1,"eukaryotic translation initiation factor 2, subunit 1 alpha"
79,mmu-miR-147-5p,Fnip2,folliculin interacting protein 2
79,mmu-miR-147-5p,Cacna1c,"calcium channel, voltage-dependent, L type, alpha 1C subunit"
79,mmu-miR-147-5p,Capn7,calpain 7
79,mmu-miR-147-5p,Il2rg,"interleukin 2 receptor, gamma chain"
79,mmu-miR-147-5p,Enox2,ecto-NOX disulfide-thiol exchanger 2
79,mmu-miR-147-5p,Nrep,neuronal regeneration related protein
79,mmu-miR-147-5p,Apold1,apolipoprotein L domain containing 1
79,mmu-miR-147-5p,Ubn2,ubinuclein 2
79,mmu-miR-147-5p,Epm2aip1,EPM2A (laforin) interacting protein 1
79,mmu-miR-147-5p,Cd86,CD86 antigen
79,mmu-miR-147-5p,Atl1,atlastin GTPase 1
79,mmu-miR-147-5p,Mypn,myopalladin
79,mmu-miR-147-5p,Msr1,macrophage scavenger receptor 1
79,mmu-miR-147-5p,Ctso,cathepsin O
79,mmu-miR-147-5p,Tjap1,tight junction associated protein 1
79,mmu-miR-147-5p,Ly6g,"lymphocyte antigen 6 complex, locus G"
79,mmu-miR-147-5p,Klf9,Kruppel-like factor 9
78,mmu-miR-147-5p,Btbd3,BTB (POZ) domain containing 3
78,mmu-miR-147-5p,Csmd3,CUB and Sushi multiple domains 3
78,mmu-miR-147-5p,Mid2,midline 2
78,mmu-miR-147-5p,Diaph1,diaphanous related formin 1
78,mmu-miR-147-5p,Tsc22d2,"TSC22 domain family, member 2"
78,mmu-miR-147-5p,Sec23a,"SEC23 homolog A, COPII coat complex component"
78,mmu-miR-147-5p,Rcan2,regulator of calcineurin 2
78,mmu-miR-147-5p,Myom3,"myomesin family, member 3"
78,mmu-miR-147-5p,Myo19,myosin XIX
78,mmu-miR-147-5p,Ankrd33b,ankyrin repeat domain 33B
78,mmu-miR-147-5p,Bcl11a,B cell CLL/lymphoma 11A (zinc finger protein)
78,mmu-miR-147-5p,Pdlim3,PDZ and LIM domain 3
78,mmu-miR-147-5p,Dcaf7,DDB1 and CUL4 associated factor 7
78,mmu-miR-147-5p,Dus1l,dihydrouridine synthase 1-like (S. cerevisiae)
78,mmu-miR-147-5p,Grik2,"glutamate receptor, ionotropic, kainate 2 (beta 2)"
78,mmu-miR-147-5p,Fank1,fibronectin type 3 and ankyrin repeat domains 1
78,mmu-miR-147-5p,Ak3,adenylate kinase 3
78,mmu-miR-147-5p,Pfkfb2,"6-phosphofructo-2-kinase/fructose-2,6-biphosphatase 2"
78,mmu-miR-147-5p,Spry4,sprouty RTK signaling antagonist 4
78,mmu-miR-147-5p,Agpat5,"1-acylglycerol-3-phosphate O-acyltransferase 5 (lysophosphatidic acid acyltransferase, epsilon)"
78,mmu-miR-147-5p,Ptpn5,"protein tyrosine phosphatase, non-receptor type 5"
78,mmu-miR-147-5p,Ier5,immediate early response 5
78,mmu-miR-147-5p,Pard6g,par-6 family cell polarity regulator gamma
78,mmu-miR-147-5p,Zbtb18,zinc finger and BTB domain containing 18
78,mmu-miR-147-5p,Vegfa,vascular endothelial growth factor A
78,mmu-miR-147-5p,Rnf38,ring finger protein 38
78,mmu-miR-147-5p,Sestd1,SEC14 and spectrin domains 1
78,mmu-miR-147-5p,Rapgef3,Rap guanine nucleotide exchange factor (GEF) 3
77,mmu-miR-147-5p,Mfsd9,major facilitator superfamily domain containing 9
77,mmu-miR-147-5p,Aspn,asporin
77,mmu-miR-147-5p,Cdc6,cell division cycle 6
77,mmu-miR-147-5p,Tfpi,tissue factor pathway inhibitor
77,mmu-miR-147-5p,Adamts5,"a disintegrin-like and metallopeptidase (reprolysin type) with thrombospondin type 1 motif, 5 (aggrecanase-2)"
77,mmu-miR-147-5p,Hecw1,"HECT, C2 and WW domain containing E3 ubiquitin protein ligase 1"
77,mmu-miR-147-5p,Bmpr1a,"bone morphogenetic protein receptor, type 1A"
77,mmu-miR-147-5p,Pik3r3,phosphoinositide-3-kinase regulatory subunit 3
77,mmu-miR-147-5p,Efnb3,ephrin B3
77,mmu-miR-147-5p,Fbxo44,F-box protein 44
77,mmu-miR-147-5p,Prcp,prolylcarboxypeptidase (angiotensinase C)
77,mmu-miR-147-5p,Mlec,malectin
77,mmu-miR-147-5p,Thrb,thyroid hormone receptor beta
77,mmu-miR-147-5p,Xpot,"exportin, tRNA (nuclear export receptor for tRNAs)"
77,mmu-miR-147-5p,Cox15,cytochrome c oxidase assembly protein 15
77,mmu-miR-147-5p,Hjurp,Holliday junction recognition protein
77,mmu-miR-147-5p,Tmtc1,transmembrane and tetratricopeptide repeat containing 1
77,mmu-miR-147-5p,Muc15,mucin 15
77,mmu-miR-147-5p,Klhdc10,kelch domain containing 10
77,mmu-miR-147-5p,Lpgat1,lysophosphatidylglycerol acyltransferase 1
77,mmu-miR-147-5p,Slc7a4,"solute carrier family 7 (cationic amino acid transporter, y+ system), member 4"
77,mmu-miR-147-5p,Plp1,proteolipid protein (myelin) 1
77,mmu-miR-147-5p,Rabl3,"RAB, member RAS oncogene family-like 3"
77,mmu-miR-147-5p,Cyp2c23,"cytochrome P450, family 2, subfamily c, polypeptide 23"
77,mmu-miR-147-5p,Cdca7l,cell division cycle associated 7 like
77,mmu-miR-147-5p,Rtl6,retrotransposon Gag like 6
77,mmu-miR-147-5p,BC005624,cDNA sequence BC005624
77,mmu-miR-147-5p,Cnnm4,cyclin M4
77,mmu-miR-147-5p,Gm2022,predicted pseudogene 2022
77,mmu-miR-147-5p,Shq1,SHQ1 homolog (S. cerevisiae)
77,mmu-miR-147-5p,Pbrm1,polybromo 1
77,mmu-miR-147-5p,Nit2,"nitrilase family, member 2"
76,mmu-miR-147-5p,Cpd,carboxypeptidase D
76,mmu-miR-147-5p,Dlgap1,DLG associated protein 1
76,mmu-miR-147-5p,C1s2,"complement component 1, s subcomponent 2"
76,mmu-miR-147-5p,Med10,mediator complex subunit 10
76,mmu-miR-147-5p,Ctf1,cardiotrophin 1
76,mmu-miR-147-5p,Tmed10,transmembrane p24 trafficking protein 10
76,mmu-miR-147-5p,Bicd2,BICD cargo adaptor 2
76,mmu-miR-147-5p,Mtbp,"Mdm2, transformed 3T3 cell double minute p53 binding protein"
76,mmu-miR-147-5p,Hcn1,"hyperpolarization-activated, cyclic nucleotide-gated K+ 1"
76,mmu-miR-147-5p,Pxdn,peroxidasin
76,mmu-miR-147-5p,Alg8,"asparagine-linked glycosylation 8 (alpha-1,3-glucosyltransferase)"
76,mmu-miR-147-5p,Rnf168,ring finger protein 168
75,mmu-miR-147-5p,Scn2b,"sodium channel, voltage-gated, type II, beta"
75,mmu-miR-147-5p,Bfar,bifunctional apoptosis regulator
75,mmu-miR-147-5p,Cd163,CD163 antigen
75,mmu-miR-147-5p,Vmn1r32,vomeronasal 1 receptor 32
75,mmu-miR-147-5p,Golph3,golgi phosphoprotein 3
75,mmu-miR-147-5p,Gpam,"glycerol-3-phosphate acyltransferase, mitochondrial"
75,mmu-miR-147-5p,Nr1h4,"nuclear receptor subfamily 1, group H, member 4"
75,mmu-miR-147-5p,Kctd18,potassium channel tetramerisation domain containing 18
75,mmu-miR-147-5p,Tsr2,TSR2 20S rRNA accumulation
75,mmu-miR-147-5p,Bik,BCL2-interacting killer
75,mmu-miR-147-5p,Ogfrl1,opioid growth factor receptor-like 1
75,mmu-miR-147-5p,Kxd1,KxDL motif containing 1
75,mmu-miR-147-5p,Tead1,TEA domain family member 1
75,mmu-miR-147-5p,Zfp275,zinc finger protein 275
75,mmu-miR-147-5p,A330070K13Rik,RIKEN cDNA A330070K13 gene
75,mmu-miR-147-5p,Uevld,UEV and lactate/malate dehyrogenase domains
75,mmu-miR-147-5p,Otulinl,OTU deubiquitinase with linear linkage specificity like
75,mmu-miR-147-5p,Izumo1r,"IZUMO1 receptor, JUNO"
74,mmu-miR-147-5p,Lrp4,low density lipoprotein receptor-related protein 4
74,mmu-miR-147-5p,Wdr26,WD repeat domain 26
74,mmu-miR-147-5p,Akirin1,akirin 1
74,mmu-miR-147-5p,Ppme1,protein phosphatase methylesterase 1
74,mmu-miR-147-5p,Cops7b,COP9 signalosome subunit 7B
74,mmu-miR-147-5p,Hlf,hepatic leukemia factor
74,mmu-miR-147-5p,Onecut2,"one cut domain, family member 2"
74,mmu-miR-147-5p,Snai2,snail family zinc finger 2
74,mmu-miR-147-5p,Osbpl5,oxysterol binding protein-like 5
74,mmu-miR-147-5p,Kndc1,kinase non-catalytic C-lobe domain (KIND) containing 1
74,mmu-miR-147-5p,Lmna,lamin A
74,mmu-miR-147-5p,Riok3,RIO kinase 3
74,mmu-miR-147-5p,Rbm4b,RNA binding motif protein 4B
74,mmu-miR-147-5p,Neurod1,neurogenic differentiation 1
74,mmu-miR-147-5p,Itch,"itchy, E3 ubiquitin protein ligase"
74,mmu-miR-147-5p,Ssr3,"signal sequence receptor, gamma"
74,mmu-miR-147-5p,Phactr2,phosphatase and actin regulator 2
74,mmu-miR-147-5p,Rp1,retinitis pigmentosa 1 (human)
74,mmu-miR-147-5p,Rb1cc1,RB1-inducible coiled-coil 1
74,mmu-miR-147-5p,Fundc1,FUN14 domain containing 1
73,mmu-miR-147-5p,Hilpda,hypoxia inducible lipid droplet associated
73,mmu-miR-147-5p,Bbs10,Bardet-Biedl syndrome 10 (human)
73,mmu-miR-147-5p,Ror1,receptor tyrosine kinase-like orphan receptor 1
73,mmu-miR-147-5p,Rsbn1l,round spermatid basic protein 1-like
73,mmu-miR-147-5p,Atp11a,"ATPase, class VI, type 11A"
73,mmu-miR-147-5p,Ctsl,cathepsin L
73,mmu-miR-147-5p,Myh9,"myosin, heavy polypeptide 9, non-muscle"
73,mmu-miR-147-5p,C3ar1,complement component 3a receptor 1
73,mmu-miR-147-5p,Ankfy1,ankyrin repeat and FYVE domain containing 1
73,mmu-miR-147-5p,Krt6b,keratin 6B
73,mmu-miR-147-5p,Pgbd5,piggyBac transposable element derived 5
73,mmu-miR-147-5p,Me1,"malic enzyme 1, NADP(+)-dependent, cytosolic"
73,mmu-miR-147-5p,Rwdd2a,RWD domain containing 2A
73,mmu-miR-147-5p,Kcnk13,"potassium channel, subfamily K, member 13"
73,mmu-miR-147-5p,Mef2c,myocyte enhancer factor 2C
73,mmu-miR-147-5p,Msl3,MSL complex subunit 3
73,mmu-miR-147-5p,Egf,epidermal growth factor
73,mmu-miR-147-5p,Parn,poly(A)-specific ribonuclease (deadenylation nuclease)
73,mmu-miR-147-5p,Mark3,MAP/microtubule affinity regulating kinase 3
73,mmu-miR-147-5p,Spty2d1,"SPT2, Suppressor of Ty, domain containing 1 (S. cerevisiae)"
73,mmu-miR-147-5p,Zmym5,"zinc finger, MYM-type 5"
73,mmu-miR-147-5p,Surf2,surfeit gene 2
73,mmu-miR-147-5p,Pikfyve,"phosphoinositide kinase, FYVE type zinc finger containing"
72,mmu-miR-147-5p,Golga7,"golgi autoantigen, golgin subfamily a, 7"
72,mmu-miR-147-5p,Gja5,"gap junction protein, alpha 5"
72,mmu-miR-147-5p,Rorb,RAR-related orphan receptor beta
72,mmu-miR-147-5p,Taf7,TATA-box binding protein associated factor 7
72,mmu-miR-147-5p,Tmem163,transmembrane protein 163
72,mmu-miR-147-5p,Zfp120,zinc finger protein 120
72,mmu-miR-147-5p,Hdgf,hepatoma-derived growth factor
72,mmu-miR-147-5p,Pde1c,phosphodiesterase 1C
72,mmu-miR-147-5p,Mpeg1,macrophage expressed gene 1
72,mmu-miR-147-5p,Slc41a1,"solute carrier family 41, member 1"
72,mmu-miR-147-5p,Jade1,jade family PHD finger 1
72,mmu-miR-147-5p,Bex4,brain expressed X-linked 4
72,mmu-miR-147-5p,Fli1,Friend leukemia integration 1
72,mmu-miR-147-5p,BB287469,expressed sequence BB287469
72,mmu-miR-147-5p,Il17rd,interleukin 17 receptor D
72,mmu-miR-147-5p,Sp100,nuclear antigen Sp100
72,mmu-miR-147-5p,Lats1,large tumor suppressor
72,mmu-miR-147-5p,Exoc6b,exocyst complex component 6B
71,mmu-miR-147-5p,Pappa,pregnancy-associated plasma protein A
71,mmu-miR-147-5p,Fam53c,"family with sequence similarity 53, member C"
71,mmu-miR-147-5p,Anxa11,annexin A11
71,mmu-miR-147-5p,Chd9,chromodomain helicase DNA binding protein 9
71,mmu-miR-147-5p,Trim35,tripartite motif-containing 35
71,mmu-miR-147-5p,Iqcf3,IQ motif containing F3
71,mmu-miR-147-5p,Taf4b,TATA-box binding protein associated factor 4b
71,mmu-miR-147-5p,Camkk2,"calcium/calmodulin-dependent protein kinase kinase 2, beta"
71,mmu-miR-147-5p,Pla2g4c,"phospholipase A2, group IVC (cytosolic, calcium-independent)"
71,mmu-miR-147-5p,Zfp462,zinc finger protein 462
71,mmu-miR-147-5p,Chst7,carbohydrate (N-acetylglucosamino) sulfotransferase 7
71,mmu-miR-147-5p,Pou2f1,"POU domain, class 2, transcription factor 1"
71,mmu-miR-147-5p,Sema3e,"sema domain, immunoglobulin domain (Ig), short basic domain, secreted, (semaphorin) 3E"
71,mmu-miR-147-5p,Atp2b2,"ATPase, Ca++ transporting, plasma membrane 2"
71,mmu-miR-147-5p,Prrt2,proline-rich transmembrane protein 2
71,mmu-miR-147-5p,Trim9,tripartite motif-containing 9
71,mmu-miR-147-5p,Vdr,"vitamin D (1,25-dihydroxyvitamin D3) receptor"
71,mmu-miR-147-5p,Ostm1,osteopetrosis associated transmembrane protein 1
71,mmu-miR-147-5p,Sptbn1,"spectrin beta, non-erythrocytic 1"
71,mmu-miR-147-5p,Tspyl5,"testis-specific protein, Y-encoded-like 5"
71,mmu-miR-147-5p,Trim67,tripartite motif-containing 67
71,mmu-miR-147-5p,Cfdp1,craniofacial development protein 1
71,mmu-miR-147-5p,Ppip5k2,diphosphoinositol pentakisphosphate kinase 2
71,mmu-miR-147-5p,Zdhhc17,"zinc finger, DHHC domain containing 17"
71,mmu-miR-147-5p,Txnrd3,thioredoxin reductase 3
71,mmu-miR-147-5p,Ttc9c,tetratricopeptide repeat domain 9C
71,mmu-miR-147-5p,Prepl,prolyl endopeptidase-like
71,mmu-miR-147-5p,Nip7,"NIP7, nucleolar pre-rRNA processing protein"
70,mmu-miR-147-5p,Acan,aggrecan
70,mmu-miR-147-5p,Pbx3,pre B cell leukemia homeobox 3
70,mmu-miR-147-5p,Pigm,"phosphatidylinositol glycan anchor biosynthesis, class M"
70,mmu-miR-147-5p,Fbxl17,F-box and leucine-rich repeat protein 17
70,mmu-miR-147-5p,Gpt2,glutamic pyruvate transaminase (alanine aminotransferase) 2
70,mmu-miR-147-5p,Phyhipl,phytanoyl-CoA hydroxylase interacting protein-like
70,mmu-miR-147-5p,Usp31,ubiquitin specific peptidase 31
70,mmu-miR-147-5p,Ybx2,Y box protein 2
70,mmu-miR-147-5p,Lrrn4cl,LRRN4 C-terminal like
70,mmu-miR-147-5p,Fnbp1l,formin binding protein 1-like
70,mmu-miR-147-5p,Hacd1,3-hydroxyacyl-CoA dehydratase 1
70,mmu-miR-147-5p,Mtmr14,myotubularin related protein 14
70,mmu-miR-147-5p,Vsig10,V-set and immunoglobulin domain containing 10
70,mmu-miR-147-5p,Impg2,interphotoreceptor matrix proteoglycan 2
70,mmu-miR-147-5p,Tatdn3,TatD DNase domain containing 3
70,mmu-miR-147-5p,F13b,"coagulation factor XIII, beta subunit"
70,mmu-miR-147-5p,Hipk1,homeodomain interacting protein kinase 1
70,mmu-miR-147-5p,Aqp4,aquaporin 4
70,mmu-miR-147-5p,Nr6a1,"nuclear receptor subfamily 6, group A, member 1"
70,mmu-miR-147-5p,Pabpn1,"poly(A) binding protein, nuclear 1"
70,mmu-miR-147-5p,Fhod3,formin homology 2 domain containing 3
70,mmu-miR-147-5p,Thbd,thrombomodulin
69,mmu-miR-147-5p,Mtus2,microtubule associated tumor suppressor candidate 2
69,mmu-miR-147-5p,Pdcl,phosducin-like
69,mmu-miR-147-5p,Morc3,microrchidia 3
69,mmu-miR-147-5p,Epha7,Eph receptor A7
69,mmu-miR-147-5p,Fzd3,frizzled class receptor 3
69,mmu-miR-147-5p,Oma1,OMA1 zinc metallopeptidase
69,mmu-miR-147-5p,Myo5b,myosin VB
69,mmu-miR-147-5p,Mturn,"maturin, neural progenitor differentiation regulator homolog (Xenopus)"
69,mmu-miR-147-5p,Msi2,musashi RNA-binding protein 2
69,mmu-miR-147-5p,Ints8,integrator complex subunit 8
69,mmu-miR-147-5p,Myo5a,myosin VA
69,mmu-miR-147-5p,Zfp352,zinc finger protein 352
69,mmu-miR-147-5p,Sytl4,synaptotagmin-like 4
69,mmu-miR-147-5p,Lypd6b,LY6/PLAUR domain containing 6B
69,mmu-miR-147-5p,Ccdc3,coiled-coil domain containing 3
69,mmu-miR-147-5p,Tmtc3,transmembrane and tetratricopeptide repeat containing 3
69,mmu-miR-147-5p,Acss1,acyl-CoA synthetase short-chain family member 1
69,mmu-miR-147-5p,Mbp,myelin basic protein
69,mmu-miR-147-5p,D730048I06Rik,RIKEN cDNA D730048I06 gene
68,mmu-miR-147-5p,Cyp4f14,"cytochrome P450, family 4, subfamily f, polypeptide 14"
68,mmu-miR-147-5p,Glce,glucuronyl C5-epimerase
68,mmu-miR-147-5p,Dip2b,disco interacting protein 2 homolog B
68,mmu-miR-147-5p,Unc79,unc-79 homolog
68,mmu-miR-147-5p,Syt13,synaptotagmin XIII
68,mmu-miR-147-5p,Spats2l,"spermatogenesis associated, serine-rich 2-like"
68,mmu-miR-147-5p,Tsc1,tuberous sclerosis 1
68,mmu-miR-147-5p,Arih2,ariadne RBR E3 ubiquitin protein ligase 2
68,mmu-miR-147-5p,Lmo1,LIM domain only 1
68,mmu-miR-147-5p,Fbxo32,F-box protein 32
68,mmu-miR-147-5p,Cnga3,cyclic nucleotide gated channel alpha 3
68,mmu-miR-147-5p,Zfp607b,zinc finger protein 607B
68,mmu-miR-147-5p,Dhx15,DEAH (Asp-Glu-Ala-His) box polypeptide 15
68,mmu-miR-147-5p,Gm4981,predicted gene 4981
68,mmu-miR-147-5p,H2afz,"H2A histone family, member Z"
68,mmu-miR-147-5p,Prkca,"protein kinase C, alpha"
68,mmu-miR-147-5p,Map3k7,mitogen-activated protein kinase kinase kinase 7
68,mmu-miR-147-5p,Zfp516,zinc finger protein 516
68,mmu-miR-147-5p,Galnt13,polypeptide N-acetylgalactosaminyltransferase 13
68,mmu-miR-147-5p,Gkn2,gastrokine 2
67,mmu-miR-147-5p,Cdk14,cyclin-dependent kinase 14
67,mmu-miR-147-5p,Fbln7,fibulin 7
67,mmu-miR-147-5p,Gtf3c4,"general transcription factor IIIC, polypeptide 4"
67,mmu-miR-147-5p,Gatad2a,GATA zinc finger domain containing 2A
67,mmu-miR-147-5p,Steap2,six transmembrane epithelial antigen of prostate 2
67,mmu-miR-147-5p,Lonrf3,LON peptidase N-terminal domain and ring finger 3
67,mmu-miR-147-5p,Cdk5r1,"cyclin-dependent kinase 5, regulatory subunit 1 (p35)"
67,mmu-miR-147-5p,Gcsam,"germinal center associated, signaling and motility"
67,mmu-miR-147-5p,Htt,huntingtin
67,mmu-miR-147-5p,Arpc5,"actin related protein 2/3 complex, subunit 5"
67,mmu-miR-147-5p,Bambi,BMP and activin membrane-bound inhibitor
67,mmu-miR-147-5p,Nploc4,"NPL4 homolog, ubiquitin recognition factor"
67,mmu-miR-147-5p,Kbtbd6,kelch repeat and BTB (POZ) domain containing 6
67,mmu-miR-147-5p,Map3k21,mitogen-activated protein kinase kinase kinase 21
67,mmu-miR-147-5p,Slc25a17,"solute carrier family 25 (mitochondrial carrier, peroxisomal membrane protein), member 17"
67,mmu-miR-147-5p,Elf2,E74-like factor 2
67,mmu-miR-147-5p,Ick,intestinal cell kinase
67,mmu-miR-147-5p,Kctd12b,potassium channel tetramerisation domain containing 12b
66,mmu-miR-147-5p,Adnp2,ADNP homeobox 2
66,mmu-miR-147-5p,Ubqln4,ubiquilin 4
66,mmu-miR-147-5p,Arl4c,ADP-ribosylation factor-like 4C
66,mmu-miR-147-5p,Tuba1b,"tubulin, alpha 1B"
66,mmu-miR-147-5p,Arhgef9,CDC42 guanine nucleotide exchange factor (GEF) 9
66,mmu-miR-147-5p,Arf1,ADP-ribosylation factor 1
66,mmu-miR-147-5p,D17Wsu92e,"DNA segment, Chr 17, Wayne State University 92, expressed"
66,mmu-miR-147-5p,Meis1,Meis homeobox 1
66,mmu-miR-147-5p,Grik1,"glutamate receptor, ionotropic, kainate 1"
66,mmu-miR-147-5p,Cd164,CD164 antigen
66,mmu-miR-147-5p,Pik3ca,"phosphatidylinositol-4,5-bisphosphate 3-kinase catalytic subunit alpha"
66,mmu-miR-147-5p,Srp72,signal recognition particle 72
66,mmu-miR-147-5p,Tfg,Trk-fused gene
66,mmu-miR-147-5p,Nedd4l,"neural precursor cell expressed, developmentally down-regulated gene 4-like"
66,mmu-miR-147-5p,4933402N03Rik,RIKEN cDNA 4933402N03 gene
65,mmu-miR-147-5p,Slc7a3,"solute carrier family 7 (cationic amino acid transporter, y+ system), member 3"
65,mmu-miR-147-5p,Mtpn,myotrophin
65,mmu-miR-147-5p,Map3k7cl,Map3k7 C-terminal like
65,mmu-miR-147-5p,Dcstamp,dendrocyte expressed seven transmembrane protein
65,mmu-miR-147-5p,Aplp2,amyloid beta (A4) precursor-like protein 2
65,mmu-miR-147-5p,Sdcbp,syndecan binding protein
65,mmu-miR-147-5p,Ptgfrn,prostaglandin F2 receptor negative regulator
65,mmu-miR-147-5p,Esrrg,estrogen-related receptor gamma
65,mmu-miR-147-5p,Mas1,MAS1 oncogene
65,mmu-miR-147-5p,Psd3,pleckstrin and Sec7 domain containing 3
65,mmu-miR-147-5p,Maoa,monoamine oxidase A
65,mmu-miR-147-5p,Slc5a3,"solute carrier family 5 (inositol transporters), member 3"
65,mmu-miR-147-5p,Mcc,mutated in colorectal cancers
64,mmu-miR-147-5p,Creb5,cAMP responsive element binding protein 5
64,mmu-miR-147-5p,Cdc73,"cell division cycle 73, Paf1/RNA polymerase II complex component"
64,mmu-miR-147-5p,Desi2,desumoylating isopeptidase 2
64,mmu-miR-147-5p,Apol6,apolipoprotein L 6
64,mmu-miR-147-5p,Arrdc3,arrestin domain containing 3
64,mmu-miR-147-5p,Dpp8,dipeptidylpeptidase 8
64,mmu-miR-147-5p,Sepsecs,Sep (O-phosphoserine) tRNA:Sec (selenocysteine) tRNA synthase
64,mmu-miR-147-5p,Spcs1,signal peptidase complex subunit 1 homolog (S. cerevisiae)
64,mmu-miR-147-5p,Leprotl1,leptin receptor overlapping transcript-like 1
64,mmu-miR-147-5p,Sap18,Sin3-associated polypeptide 18
64,mmu-miR-147-5p,Pbsn,probasin
64,mmu-miR-147-5p,Nkx3-1,NK3 homeobox 1
64,mmu-miR-147-5p,Nol4,nucleolar protein 4
64,mmu-miR-147-5p,Ndst1,N-deacetylase/N-sulfotransferase (heparan glucosaminyl) 1
64,mmu-miR-147-5p,Nrsn1,neurensin 1
64,mmu-miR-147-5p,Ncan,neurocan
64,mmu-miR-147-5p,Add3,adducin 3 (gamma)
64,mmu-miR-147-5p,Snx13,sorting nexin 13
64,mmu-miR-147-5p,Rbm15b,RNA binding motif protein 15B
64,mmu-miR-147-5p,Zfp334,zinc finger protein 334
64,mmu-miR-147-5p,Tmbim7,transmembrane BAX inhibitor motif containing 7
64,mmu-miR-147-5p,Glud1,glutamate dehydrogenase 1
64,mmu-miR-147-5p,Gbp2b,guanylate binding protein 2b
64,mmu-miR-147-5p,Nipsnap3a,nipsnap homolog 3A
64,mmu-miR-147-5p,Sart1,squamous cell carcinoma antigen recognized by T cells 1
64,mmu-miR-147-5p,D430041D05Rik,RIKEN cDNA D430041D05 gene
64,mmu-miR-147-5p,Flvcr1,feline leukemia virus subgroup C cellular receptor 1
64,mmu-miR-147-5p,Pck2,phosphoenolpyruvate carboxykinase 2 (mitochondrial)
63,mmu-miR-147-5p,Lama1,"laminin, alpha 1"
63,mmu-miR-147-5p,Nuak2,"NUAK family, SNF1-like kinase, 2"
63,mmu-miR-147-5p,Lmcd1,LIM and cysteine-rich domains 1
63,mmu-miR-147-5p,Ahcyl2,S-adenosylhomocysteine hydrolase-like 2
63,mmu-miR-147-5p,Tmem8,transmembrane protein 8
63,mmu-miR-147-5p,Zfp329,zinc finger protein 329
63,mmu-miR-147-5p,Syt6,synaptotagmin VI
63,mmu-miR-147-5p,Zfp266,zinc finger protein 266
63,mmu-miR-147-5p,Gpr88,G-protein coupled receptor 88
63,mmu-miR-147-5p,Kbtbd7,kelch repeat and BTB (POZ) domain containing 7
63,mmu-miR-147-5p,1810013L24Rik,RIKEN cDNA 1810013L24 gene
63,mmu-miR-147-5p,Arhgef38,Rho guanine nucleotide exchange factor (GEF) 38
63,mmu-miR-147-5p,Dio1,"deiodinase, iodothyronine, type I"
63,mmu-miR-147-5p,Selenow,selenoprotein W
63,mmu-miR-147-5p,1110051M20Rik,RIKEN cDNA 1110051M20 gene
63,mmu-miR-147-5p,Slc23a2,"solute carrier family 23 (nucleobase transporters), member 2"
63,mmu-miR-147-5p,Mlst8,"MTOR associated protein, LST8 homolog (S. cerevisiae)"
63,mmu-miR-147-5p,Ciita,class II transactivator
63,mmu-miR-147-5p,Poldip3,"polymerase (DNA-directed), delta interacting protein 3"
63,mmu-miR-147-5p,Ccdc91,coiled-coil domain containing 91
63,mmu-miR-147-5p,Fn3k,fructosamine 3 kinase
63,mmu-miR-147-5p,Cenpl,centromere protein L
63,mmu-miR-147-5p,Marcks,myristoylated alanine rich protein kinase C substrate
63,mmu-miR-147-5p,Alx4,aristaless-like homeobox 4
63,mmu-miR-147-5p,Mzf1,myeloid zinc finger 1
63,mmu-miR-147-5p,Emcn,endomucin
63,mmu-miR-147-5p,Cpm,carboxypeptidase M
63,mmu-miR-147-5p,Hoxc5,homeobox C5
63,mmu-miR-147-5p,Txlng,taxilin gamma
63,mmu-miR-147-5p,Noct,nocturnin
63,mmu-miR-147-5p,Smim13,small integral membrane protein 13
63,mmu-miR-147-5p,Epop,elongin BC and polycomb repressive complex 2 associated protein
63,mmu-miR-147-5p,Prune2,prune homolog 2
63,mmu-miR-147-5p,Ctns,"cystinosis, nephropathic"
63,mmu-miR-147-5p,Sash1,SAM and SH3 domain containing 1
63,mmu-miR-147-5p,Klhl18,kelch-like 18
62,mmu-miR-147-5p,Eml5,echinoderm microtubule associated protein like 5
62,mmu-miR-147-5p,Fam107b,"family with sequence similarity 107, member B"
62,mmu-miR-147-5p,Coasy,Coenzyme A synthase
62,mmu-miR-147-5p,Pogk,pogo transposable element with KRAB domain
62,mmu-miR-147-5p,Mgrn1,"mahogunin, ring finger 1"
62,mmu-miR-147-5p,Lor,loricrin
62,mmu-miR-147-5p,Sgpl1,sphingosine phosphate lyase 1
62,mmu-miR-147-5p,Ide,insulin degrading enzyme
62,mmu-miR-147-5p,Plcxd2,"phosphatidylinositol-specific phospholipase C, X domain containing 2"
62,mmu-miR-147-5p,Slc17a1,"solute carrier family 17 (sodium phosphate), member 1"
62,mmu-miR-147-5p,Pcnp,PEST proteolytic signal containing nuclear protein
62,mmu-miR-147-5p,Sema3a,"sema domain, immunoglobulin domain (Ig), short basic domain, secreted, (semaphorin) 3A"
62,mmu-miR-147-5p,Lhfpl3,lipoma HMGIC fusion partner-like 3
62,mmu-miR-147-5p,Alg6,"asparagine-linked glycosylation 6 (alpha-1,3,-glucosyltransferase)"
62,mmu-miR-147-5p,Gpr12,G-protein coupled receptor 12
62,mmu-miR-147-5p,D5Ertd579e,"DNA segment, Chr 5, ERATO Doi 579, expressed"
62,mmu-miR-147-5p,Mfap3,microfibrillar-associated protein 3
62,mmu-miR-147-5p,Tmem222,transmembrane protein 222
62,mmu-miR-147-5p,Grsf1,G-rich RNA sequence binding factor 1
62,mmu-miR-147-5p,Rbfox2,"RNA binding protein, fox-1 homolog (C. elegans) 2"
62,mmu-miR-147-5p,Sell,"selectin, lymphocyte"
62,mmu-miR-147-5p,Stim2,stromal interaction molecule 2
62,mmu-miR-147-5p,Arf6,ADP-ribosylation factor 6
62,mmu-miR-147-5p,Chd1,chromodomain helicase DNA binding protein 1
62,mmu-miR-147-5p,Ldlrad3,low density lipoprotein receptor class A domain containing 3
61,mmu-miR-147-5p,Lrrc55,leucine rich repeat containing 55
61,mmu-miR-147-5p,Ssbp2,single-stranded DNA binding protein 2
61,mmu-miR-147-5p,Sfmbt2,Scm-like with four mbt domains 2
61,mmu-miR-147-5p,Kpnb1,karyopherin (importin) beta 1
61,mmu-miR-147-5p,Zfand2a,"zinc finger, AN1-type domain 2A"
61,mmu-miR-147-5p,Treml2,triggering receptor expressed on myeloid cells-like 2
61,mmu-miR-147-5p,Coprs,"coordinator of PRMT5, differentiation stimulator"
61,mmu-miR-147-5p,Cep128,centrosomal protein 128
61,mmu-miR-147-5p,Zfp704,zinc finger protein 704
61,mmu-miR-147-5p,Recql,RecQ protein-like
61,mmu-miR-147-5p,Ube2z,ubiquitin-conjugating enzyme E2Z
61,mmu-miR-147-5p,A530032D15Rik,RIKEN cDNA A530032D15Rik gene
61,mmu-miR-147-5p,Ccdc146,coiled-coil domain containing 146
61,mmu-miR-147-5p,Dixdc1,DIX domain containing 1
61,mmu-miR-147-5p,Ahcyl1,S-adenosylhomocysteine hydrolase-like 1
61,mmu-miR-147-5p,Strip2,striatin interacting protein 2
61,mmu-miR-147-5p,Dapp1,dual adaptor for phosphotyrosine and 3-phosphoinositides 1
61,mmu-miR-147-5p,Hhip,Hedgehog-interacting protein
61,mmu-miR-147-5p,Pdk4,"pyruvate dehydrogenase kinase, isoenzyme 4"
60,mmu-miR-147-5p,Cdkl2,cyclin-dependent kinase-like 2 (CDC2-related kinase)
60,mmu-miR-147-5p,Adgrg2,adhesion G protein-coupled receptor G2
60,mmu-miR-147-5p,Eogt,EGF domain-specific O-linked N-acetylglucosamine (GlcNAc) transferase
60,mmu-miR-147-5p,Kif1b,kinesin family member 1B
60,mmu-miR-147-5p,Tm9sf2,transmembrane 9 superfamily member 2
60,mmu-miR-147-5p,Amotl1,angiomotin-like 1
60,mmu-miR-147-5p,Ralyl,RALY RNA binding protein-like
60,mmu-miR-147-5p,Frmd6,FERM domain containing 6
60,mmu-miR-147-5p,Hand2,heart and neural crest derivatives expressed 2
60,mmu-miR-147-5p,Mapk9,mitogen-activated protein kinase 9
60,mmu-miR-147-5p,Caln1,calneuron 1
60,mmu-miR-147-5p,Paqr7,progestin and adipoQ receptor family member VII
60,mmu-miR-147-5p,Srgap2,SLIT-ROBO Rho GTPase activating protein 2
60,mmu-miR-147-5p,Naa15,"N(alpha)-acetyltransferase 15, NatA auxiliary subunit"
60,mmu-miR-147-5p,Sel1l3,sel-1 suppressor of lin-12-like 3 (C. elegans)
60,mmu-miR-147-5p,Cpne5,copine V
60,mmu-miR-147-5p,Nipbl,NIPBL cohesin loading factor
60,mmu-miR-147-5p,Rhot1,ras homolog family member T1
60,mmu-miR-147-5p,Rbpj,recombination signal binding protein for immunoglobulin kappa J region
60,mmu-miR-147-5p,Cd3d,"CD3 antigen, delta polypeptide"
60,mmu-miR-147-5p,Atp6ap1,"ATPase, H+ transporting, lysosomal accessory protein 1"
60,mmu-miR-147-5p,Def8,differentially expressed in FDCP 8
60,mmu-miR-147-5p,Elmod3,ELMO/CED-12 domain containing 3
60,mmu-miR-147-5p,Htr1d,5-hydroxytryptamine (serotonin) receptor 1D
60,mmu-miR-147-5p,Kcnb2,"potassium voltage gated channel, Shab-related subfamily, member 2"
60,mmu-miR-147-5p,Eid2,EP300 interacting inhibitor of differentiation 2
60,mmu-miR-147-5p,Tbl2,transducin (beta)-like 2
60,mmu-miR-147-5p,Kcnj13,"potassium inwardly-rectifying channel, subfamily J, member 13"
59,mmu-miR-147-5p,Uhrf1bp1,UHRF1 (ICBP90) binding protein 1
59,mmu-miR-147-5p,Utp15,UTP15 small subunit processome component
59,mmu-miR-147-5p,Paip2b,poly(A) binding protein interacting protein 2B
59,mmu-miR-147-5p,Arhgap32,Rho GTPase activating protein 32
59,mmu-miR-147-5p,Iba57,"IBA57 homolog, iron-sulfur cluster assembly"
59,mmu-miR-147-5p,Zfp995,zinc finger protein 995
59,mmu-miR-147-5p,Lypd3,Ly6/Plaur domain containing 3
59,mmu-miR-147-5p,Cdh6,cadherin 6
59,mmu-miR-147-5p,Cwf19l2,"CWF19-like 2, cell cycle control (S. pombe)"
59,mmu-miR-147-5p,3830406C13Rik,RIKEN cDNA 3830406C13 gene
59,mmu-miR-147-5p,Prex2,"phosphatidylinositol-3,4,5-trisphosphate-dependent Rac exchange factor 2"
59,mmu-miR-147-5p,Naaa,N-acylethanolamine acid amidase
59,mmu-miR-147-5p,Pdp2,pyruvate dehyrogenase phosphatase catalytic subunit 2
59,mmu-miR-147-5p,Vamp2,vesicle-associated membrane protein 2
59,mmu-miR-147-5p,Akap17b,A kinase (PRKA) anchor protein 17B
59,mmu-miR-147-5p,Ifi209,interferon activated gene 209
59,mmu-miR-147-5p,Kcnj6,"potassium inwardly-rectifying channel, subfamily J, member 6"
59,mmu-miR-147-5p,Sft2d2,SFT2 domain containing 2
59,mmu-miR-147-5p,Lrig2,leucine-rich repeats and immunoglobulin-like domains 2
59,mmu-miR-147-5p,Atxn7l1,ataxin 7-like 1
59,mmu-miR-147-5p,Serpinb9d,"serine (or cysteine) peptidase inhibitor, clade B, member 9d"
59,mmu-miR-147-5p,Stk38l,serine/threonine kinase 38 like
59,mmu-miR-147-5p,Foxo3,forkhead box O3
59,mmu-miR-147-5p,Sh2b3,SH2B adaptor protein 3
59,mmu-miR-147-5p,Dusp13,dual specificity phosphatase 13
59,mmu-miR-147-5p,Nbr1,"NBR1, autophagy cargo receptor"
58,mmu-miR-147-5p,Mrpl13,mitochondrial ribosomal protein L13
58,mmu-miR-147-5p,Cyld,CYLD lysine 63 deubiquitinase
58,mmu-miR-147-5p,Bcl2l11,BCL2-like 11 (apoptosis facilitator)
58,mmu-miR-147-5p,Kcne1,"potassium voltage-gated channel, Isk-related subfamily, member 1"
58,mmu-miR-147-5p,Ptpn21,"protein tyrosine phosphatase, non-receptor type 21"
58,mmu-miR-147-5p,Zfp442,zinc finger protein 442
58,mmu-miR-147-5p,Bloc1s6,"biogenesis of lysosomal organelles complex-1, subunit 6, pallidin"
58,mmu-miR-147-5p,Stxbp5l,syntaxin binding protein 5-like
58,mmu-miR-147-5p,Ctnnd2,"catenin (cadherin associated protein), delta 2"
58,mmu-miR-147-5p,Lbp,lipopolysaccharide binding protein
58,mmu-miR-147-5p,Cisd2,CDGSH iron sulfur domain 2
58,mmu-miR-147-5p,Pcnx,pecanex homolog
58,mmu-miR-147-5p,Clcn5,"chloride channel, voltage-sensitive 5"
58,mmu-miR-147-5p,Mboat7,membrane bound O-acyltransferase domain containing 7
58,mmu-miR-147-5p,Wdr48,WD repeat domain 48
58,mmu-miR-147-5p,Slitrk4,"SLIT and NTRK-like family, member 4"
58,mmu-miR-147-5p,Blmh,bleomycin hydrolase
58,mmu-miR-147-5p,Cxcl13,chemokine (C-X-C motif) ligand 13
58,mmu-miR-147-5p,Ago4,argonaute RISC catalytic subunit 4
58,mmu-miR-147-5p,Cnga2,cyclic nucleotide gated channel alpha 2
58,mmu-miR-147-5p,Slitrk2,"SLIT and NTRK-like family, member 2"
58,mmu-miR-147-5p,Sorcs1,sortilin-related VPS10 domain containing receptor 1
58,mmu-miR-147-5p,Dcp1a,decapping mRNA 1A
58,mmu-miR-147-5p,Napb,N-ethylmaleimide sensitive fusion protein attachment protein beta
57,mmu-miR-147-5p,Flg2,filaggrin family member 2
57,mmu-miR-147-5p,Serping1,"serine (or cysteine) peptidase inhibitor, clade G, member 1"
57,mmu-miR-147-5p,Atp13a3,ATPase type 13A3
57,mmu-miR-147-5p,Urod,uroporphyrinogen decarboxylase
57,mmu-miR-147-5p,Mrvi1,MRV integration site 1
57,mmu-miR-147-5p,Slc4a1,"solute carrier family 4 (anion exchanger), member 1"
57,mmu-miR-147-5p,Gja3,"gap junction protein, alpha 3"
57,mmu-miR-147-5p,1700010I14Rik,RIKEN cDNA 1700010I14 gene
57,mmu-miR-147-5p,Vapb,"vesicle-associated membrane protein, associated protein B and C"
57,mmu-miR-147-5p,Gabra1,"gamma-aminobutyric acid (GABA) A receptor, subunit alpha 1"
57,mmu-miR-147-5p,Steap4,STEAP family member 4
57,mmu-miR-147-5p,Slc38a1,"solute carrier family 38, member 1"
57,mmu-miR-147-5p,Celf1,"CUGBP, Elav-like family member 1"
57,mmu-miR-147-5p,Spire1,spire type actin nucleation factor 1
57,mmu-miR-147-5p,Trim39,tripartite motif-containing 39
57,mmu-miR-147-5p,Ppargc1b,"peroxisome proliferative activated receptor, gamma, coactivator 1 beta"
57,mmu-miR-147-5p,Tbc1d2b,"TBC1 domain family, member 2B"
57,mmu-miR-147-5p,Zfp641,zinc finger protein 641
57,mmu-miR-147-5p,Spata31d1b,"spermatogenesis associated 31 subfamily D, member 1B"
57,mmu-miR-147-5p,Rnf2,ring finger protein 2
57,mmu-miR-147-5p,Srrm1,serine/arginine repetitive matrix 1
57,mmu-miR-147-5p,Fam117b,"family with sequence similarity 117, member B"
57,mmu-miR-147-5p,Aasdhppt,aminoadipate-semialdehyde dehydrogenase-phosphopantetheinyl transferase
56,mmu-miR-147-5p,Itgav,integrin alpha V
56,mmu-miR-147-5p,Mfsd6,major facilitator superfamily domain containing 6
56,mmu-miR-147-5p,Tspyl3,TSPY-like 3
56,mmu-miR-147-5p,Tpgs2,tubulin polyglutamylase complex subunit 2
56,mmu-miR-147-5p,Olfr288,olfactory receptor 288
56,mmu-miR-147-5p,Atf6,activating transcription factor 6
56,mmu-miR-147-5p,Zfp937,zinc finger protein 937
56,mmu-miR-147-5p,Haus8,"4HAUS augmin-like complex, subunit 8"
56,mmu-miR-147-5p,2010111I01Rik,RIKEN cDNA 2010111I01 gene
56,mmu-miR-147-5p,Cd109,CD109 antigen
56,mmu-miR-147-5p,Dlg2,discs large MAGUK scaffold protein 2
56,mmu-miR-147-5p,Gja8,"gap junction protein, alpha 8"
56,mmu-miR-147-5p,Iqck,IQ motif containing K
56,mmu-miR-147-5p,Rbm22,RNA binding motif protein 22
56,mmu-miR-147-5p,Efhd1,EF hand domain containing 1
56,mmu-miR-147-5p,Tmc2,transmembrane channel-like gene family 2
56,mmu-miR-147-5p,Reln,reelin
56,mmu-miR-147-5p,Rps6ka5,"ribosomal protein S6 kinase, polypeptide 5"
56,mmu-miR-147-5p,Stox2,storkhead box 2
56,mmu-miR-147-5p,Tet2,tet methylcytosine dioxygenase 2
56,mmu-miR-147-5p,Camk1d,calcium/calmodulin-dependent protein kinase ID
56,mmu-miR-147-5p,Mbd3l2,methyl-CpG binding domain protein 3-like 2
56,mmu-miR-147-5p,Car8,carbonic anhydrase 8
56,mmu-miR-147-5p,Gtf2h3,"general transcription factor IIH, polypeptide 3"
56,mmu-miR-147-5p,Gimap9,"GTPase, IMAP family member 9"
56,mmu-miR-147-5p,Hfe,hemochromatosis
56,mmu-miR-147-5p,Tsg101,tumor susceptibility gene 101
56,mmu-miR-147-5p,Nipa2,non imprinted in Prader-Willi/Angelman syndrome 2 homolog (human)
56,mmu-miR-147-5p,Paxip1,PAX interacting (with transcription-activation domain) protein 1
56,mmu-miR-147-5p,Tm9sf3,transmembrane 9 superfamily member 3
56,mmu-miR-147-5p,Il10,interleukin 10
55,mmu-miR-147-5p,Ubqln2,ubiquilin 2
55,mmu-miR-147-5p,Mlh1,mutL homolog 1
55,mmu-miR-147-5p,Ralgapb,"Ral GTPase activating protein, beta subunit (non-catalytic)"
55,mmu-miR-147-5p,Dpysl3,dihydropyrimidinase-like 3
55,mmu-miR-147-5p,Cactin,"cactin, spliceosome C complex subunit"
55,mmu-miR-147-5p,2810459M11Rik,RIKEN cDNA 2810459M11 gene
55,mmu-miR-147-5p,Ugt8a,UDP galactosyltransferase 8A
55,mmu-miR-147-5p,Sall4,spalt like transcription factor 4
55,mmu-miR-147-5p,Scd3,stearoyl-coenzyme A desaturase 3
55,mmu-miR-147-5p,Lin7a,lin-7 homolog A (C. elegans)
55,mmu-miR-147-5p,Cdyl2,"chromodomain protein, Y chromosome-like 2"
55,mmu-miR-147-5p,Fgf13,fibroblast growth factor 13
55,mmu-miR-147-5p,Phldb2,"pleckstrin homology like domain, family B, member 2"
55,mmu-miR-147-5p,Kcnq5,"potassium voltage-gated channel, subfamily Q, member 5"
55,mmu-miR-147-5p,Tmem229b,transmembrane protein 229B
55,mmu-miR-147-5p,Luc7l,Luc7-like
55,mmu-miR-147-5p,Dennd5b,DENN/MADD domain containing 5B
55,mmu-miR-147-5p,Armcx3,"armadillo repeat containing, X-linked 3"
55,mmu-miR-147-5p,Rbm47,RNA binding motif protein 47
55,mmu-miR-147-5p,Bend4,BEN domain containing 4
55,mmu-miR-147-5p,Foxj2,forkhead box J2
55,mmu-miR-147-5p,Rad51d,RAD51 paralog D
55,mmu-miR-147-5p,Tpo,thyroid peroxidase
55,mmu-miR-147-5p,Mocs2,molybdenum cofactor synthesis 2
55,mmu-miR-147-5p,Fbxo38,F-box protein 38
55,mmu-miR-147-5p,Polr3g,polymerase (RNA) III (DNA directed) polypeptide G
55,mmu-miR-147-5p,Ppp1r3b,"protein phosphatase 1, regulatory subunit 3B"
55,mmu-miR-147-5p,Traf6,TNF receptor-associated factor 6
55,mmu-miR-147-5p,Srp14,signal recognition particle 14
55,mmu-miR-147-5p,Lyg2,lysozyme G-like 2
55,mmu-miR-147-5p,Col5a1,"collagen, type V, alpha 1"
54,mmu-miR-147-5p,Impact,"impact, RWD domain protein"
54,mmu-miR-147-5p,Npc1l1,NPC1 like intracellular cholesterol transporter 1
54,mmu-miR-147-5p,Cab39l,calcium binding protein 39-like
54,mmu-miR-147-5p,Bod1l,biorientation of chromosomes in cell division 1-like
54,mmu-miR-147-5p,Nphs2,"nephrosis 2, podocin"
54,mmu-miR-147-5p,Evi5,ecotropic viral integration site 5
54,mmu-miR-147-5p,Fkbp1a,FK506 binding protein 1a
54,mmu-miR-147-5p,Musk,"muscle, skeletal, receptor tyrosine kinase"
54,mmu-miR-147-5p,Ube2g1,ubiquitin-conjugating enzyme E2G 1
54,mmu-miR-147-5p,Zdhhc7,"zinc finger, DHHC domain containing 7"
54,mmu-miR-147-5p,Zfp871,zinc finger protein 871
54,mmu-miR-147-5p,Dpy19l3,dpy-19-like 3 (C. elegans)
54,mmu-miR-147-5p,Zranb3,"zinc finger, RAN-binding domain containing 3"
54,mmu-miR-147-5p,Atic,5-aminoimidazole-4-carboxamide ribonucleotide formyltransferase/IMP cyclohydrolase
54,mmu-miR-147-5p,Cab39,calcium binding protein 39
54,mmu-miR-147-5p,Trnau1ap,tRNA selenocysteine 1 associated protein 1
54,mmu-miR-147-5p,Selenot,selenoprotein T
54,mmu-miR-147-5p,Rasd2,"RASD family, member 2"
54,mmu-miR-147-5p,Frrs1l,ferric-chelate reductase 1 like
54,mmu-miR-147-5p,Dgke,"diacylglycerol kinase, epsilon"
54,mmu-miR-147-5p,Dennd1b,DENN/MADD domain containing 1B
54,mmu-miR-147-5p,Rufy2,RUN and FYVE domain-containing 2
54,mmu-miR-147-5p,Bmpr2,"bone morphogenetic protein receptor, type II (serine/threonine kinase)"
54,mmu-miR-147-5p,Nfs1,nitrogen fixation gene 1 (S. cerevisiae)
54,mmu-miR-147-5p,Rabep1,"rabaptin, RAB GTPase binding effector protein 1"
54,mmu-miR-147-5p,Gtf2h1,"general transcription factor II H, polypeptide 1"
54,mmu-miR-147-5p,Wnk2,WNK lysine deficient protein kinase 2
54,mmu-miR-147-5p,Fam120b,"family with sequence similarity 120, member B"
54,mmu-miR-147-5p,Abcb9,"ATP-binding cassette, sub-family B (MDR/TAP), member 9"
54,mmu-miR-147-5p,Jmy,junction-mediating and regulatory protein
54,mmu-miR-147-5p,Ap1g1,"adaptor protein complex AP-1, gamma 1 subunit"
54,mmu-miR-147-5p,Tmx4,thioredoxin-related transmembrane protein 4
54,mmu-miR-147-5p,Mpzl2,myelin protein zero-like 2
54,mmu-miR-147-5p,Zfat,zinc finger and AT hook domain containing
54,mmu-miR-147-5p,Ppp4r1,"protein phosphatase 4, regulatory subunit 1"
54,mmu-miR-147-5p,Rnft1,"ring finger protein, transmembrane 1"
53,mmu-miR-147-5p,Tbc1d8,"TBC1 domain family, member 8"
53,mmu-miR-147-5p,Kalrn,"kalirin, RhoGEF kinase"
53,mmu-miR-147-5p,Gorab,"golgin, RAB6-interacting"
53,mmu-miR-147-5p,Med14,mediator complex subunit 14
53,mmu-miR-147-5p,Emilin2,elastin microfibril interfacer 2
53,mmu-miR-147-5p,Nasp,nuclear autoantigenic sperm protein (histone-binding)
53,mmu-miR-147-5p,Il5,interleukin 5
53,mmu-miR-147-5p,Btg1,"B cell translocation gene 1, anti-proliferative"
53,mmu-miR-147-5p,Col22a1,"collagen, type XXII, alpha 1"
53,mmu-miR-147-5p,Zcchc2,"zinc finger, CCHC domain containing 2"
53,mmu-miR-147-5p,Prdm2,"PR domain containing 2, with ZNF domain"
53,mmu-miR-147-5p,B4galt6,"UDP-Gal:betaGlcNAc beta 1,4-galactosyltransferase, polypeptide 6"
53,mmu-miR-147-5p,4930524N10Rik,RIKEN cDNA 4930524N10 gene
53,mmu-miR-147-5p,Nphp4,nephronophthisis 4 (juvenile) homolog (human)
53,mmu-miR-147-5p,Cnih4,cornichon family AMPA receptor auxiliary protein 4
53,mmu-miR-147-5p,Myo3b,myosin IIIB
53,mmu-miR-147-5p,Nepn,nephrocan
53,mmu-miR-147-5p,Cdh8,cadherin 8
53,mmu-miR-147-5p,Rffl,ring finger and FYVE like domain containing protein
53,mmu-miR-147-5p,Pcdh17,protocadherin 17
53,mmu-miR-147-5p,Irx2,Iroquois homeobox 2
53,mmu-miR-147-5p,Cand1,cullin associated and neddylation disassociated 1
53,mmu-miR-147-5p,Sept2,septin 2
53,mmu-miR-147-5p,Faap24,Fanconi anemia core complex associated protein 24
53,mmu-miR-147-5p,Usp3,ubiquitin specific peptidase 3
53,mmu-miR-147-5p,Prkar1a,"protein kinase, cAMP dependent regulatory, type I, alpha"
52,mmu-miR-147-5p,Rcc2,regulator of chromosome condensation 2
52,mmu-miR-147-5p,Rap2b,"RAP2B, member of RAS oncogene family"
52,mmu-miR-147-5p,Fam220a,"family with sequence similarity 220, member A"
52,mmu-miR-147-5p,Trp53inp1,transformation related protein 53 inducible nuclear protein 1
52,mmu-miR-147-5p,Tmsb15b2,thymosin beta 15b2
52,mmu-miR-147-5p,Galnt3,polypeptide N-acetylgalactosaminyltransferase 3
52,mmu-miR-147-5p,Fam19a5,"family with sequence similarity 19, member A5"
52,mmu-miR-147-5p,Tmsb15l,thymosin beta 15b like
52,mmu-miR-147-5p,Ppm1n,"protein phosphatase, Mg2+/Mn2+ dependent, 1N (putative)"
52,mmu-miR-147-5p,1700016H13Rik,RIKEN cDNA 1700016H13 gene
52,mmu-miR-147-5p,Ago1,argonaute RISC catalytic subunit 1
52,mmu-miR-147-5p,9930111J21Rik2,RIKEN cDNA 9930111J21 gene 2
52,mmu-miR-147-5p,Hecw2,"HECT, C2 and WW domain containing E3 ubiquitin protein ligase 2"
52,mmu-miR-147-5p,Hdhd2,haloacid dehalogenase-like hydrolase domain containing 2
52,mmu-miR-147-5p,Wiz,widely-interspaced zinc finger motifs
52,mmu-miR-147-5p,Zfp41,zinc finger protein 41
52,mmu-miR-147-5p,Gcnt2,"glucosaminyl (N-acetyl) transferase 2, I-branching enzyme"
52,mmu-miR-147-5p,Cldn34b2,claudin 34B2
52,mmu-miR-147-5p,Ikbkg,inhibitor of kappaB kinase gamma
52,mmu-miR-147-5p,Gnai1,"guanine nucleotide binding protein (G protein), alpha inhibiting 1"
52,mmu-miR-147-5p,Dnase1l3,deoxyribonuclease 1-like 3
52,mmu-miR-147-5p,Tnks2,"tankyrase, TRF1-interacting ankyrin-related ADP-ribose polymerase 2"
52,mmu-miR-147-5p,Ephb1,Eph receptor B1
52,mmu-miR-147-5p,Syt5,synaptotagmin V
52,mmu-miR-147-5p,Slc30a4,"solute carrier family 30 (zinc transporter), member 4"
52,mmu-miR-147-5p,St7l,suppression of tumorigenicity 7-like
52,mmu-miR-147-5p,Trnt1,"tRNA nucleotidyl transferase, CCA-adding, 1"
52,mmu-miR-147-5p,Fign,fidgetin
52,mmu-miR-147-5p,Slc25a40,"solute carrier family 25, member 40"
52,mmu-miR-147-5p,Slc38a7,"solute carrier family 38, member 7"
52,mmu-miR-147-5p,Pnp,purine-nucleoside phosphorylase
52,mmu-miR-147-5p,Hnf4g,"hepatocyte nuclear factor 4, gamma"
52,mmu-miR-147-5p,Zswim4,zinc finger SWIM-type containing 4
52,mmu-miR-147-5p,Zfp609,zinc finger protein 609
52,mmu-miR-147-5p,Mgat4a,"mannoside acetylglucosaminyltransferase 4, isoenzyme A"
51,mmu-miR-147-5p,Lrrc41,leucine rich repeat containing 41
51,mmu-miR-147-5p,Nek11,NIMA (never in mitosis gene a)-related expressed kinase 11
51,mmu-miR-147-5p,Fmo2,flavin containing monooxygenase 2
51,mmu-miR-147-5p,Psrc1,proline/serine-rich coiled-coil 1
51,mmu-miR-147-5p,Prss34,"protease, serine 34"
51,mmu-miR-147-5p,E2f1,E2F transcription factor 1
51,mmu-miR-147-5p,Mb21d2,Mab-21 domain containing 2
51,mmu-miR-147-5p,Adam10,a disintegrin and metallopeptidase domain 10
51,mmu-miR-147-5p,Myo1e,myosin IE
51,mmu-miR-147-5p,Ago2,argonaute RISC catalytic subunit 2
51,mmu-miR-147-5p,Ydjc,YdjC homolog (bacterial)
51,mmu-miR-147-5p,Htr2c,5-hydroxytryptamine (serotonin) receptor 2C
51,mmu-miR-147-5p,Cyb5d2,cytochrome b5 domain containing 2
51,mmu-miR-147-5p,Plac8l1,PLAC8-like 1
51,mmu-miR-147-5p,Wdr37,WD repeat domain 37
51,mmu-miR-147-5p,Dpf2,"D4, zinc and double PHD fingers family 2"
51,mmu-miR-147-5p,9130023H24Rik,RIKEN cDNA 9130023H24 gene
51,mmu-miR-147-5p,Dgkq,"diacylglycerol kinase, theta"
51,mmu-miR-147-5p,Trappc2,trafficking protein particle complex 2
50,mmu-miR-147-5p,Nsd3,nuclear receptor binding SET domain protein 3
50,mmu-miR-147-5p,Itga2b,integrin alpha 2b
50,mmu-miR-147-5p,Accs,1-aminocyclopropane-1-carboxylate synthase (non-functional)
50,mmu-miR-147-5p,Rgs9,regulator of G-protein signaling 9
50,mmu-miR-147-5p,Brd1,bromodomain containing 1
50,mmu-miR-147-5p,Marc1,mitochondrial amidoxime reducing component 1
50,mmu-miR-147-5p,Acot11,acyl-CoA thioesterase 11
50,mmu-miR-147-5p,Reep1,receptor accessory protein 1
50,mmu-miR-147-5p,Kdm5c,lysine (K)-specific demethylase 5C
50,mmu-miR-147-5p,Nacc1,"nucleus accumbens associated 1, BEN and BTB (POZ) domain containing"
50,mmu-miR-147-5p,Ripor2,RHO family interacting cell polarization regulator 2
50,mmu-miR-147-5p,Card10,"caspase recruitment domain family, member 10"
50,mmu-miR-147-5p,Prkg1,"protein kinase, cGMP-dependent, type I"
50,mmu-miR-147-5p,Itga8,integrin alpha 8
50,mmu-miR-147-5p,Edil3,EGF-like repeats and discoidin I-like domains 3
50,mmu-miR-147-5p,Plpp6,phospholipid phosphatase 6
50,mmu-miR-147-5p,Dmkn,dermokine
50,mmu-miR-147-5p,Mtap,methylthioadenosine phosphorylase
50,mmu-miR-147-5p,Zfp286,zinc finger protein 286
50,mmu-miR-147-5p,Cldn34b1,claudin 34B1
50,mmu-miR-147-5p,Phf5a,PHD finger protein 5A
50,mmu-miR-147-5p,Mllt6,"myeloid/lymphoid or mixed-lineage leukemia; translocated to, 6"
50,mmu-miR-147-5p,Morf4l1,mortality factor 4 like 1
50,mmu-miR-147-5p,Rhbdd3,rhomboid domain containing 3
50,mmu-miR-147-5p,Kifap3,kinesin-associated protein 3
50,mmu-miR-147-5p,Dnajb9,DnaJ heat shock protein family (Hsp40) member B9
50,mmu-miR-147-5p,Bcat1,"branched chain aminotransferase 1, cytosolic"
50,mmu-miR-147-5p,Rnf112,ring finger protein 112
50,mmu-miR-147-5p,Arl5a,ADP-ribosylation factor-like 5A
50,mmu-miR-147-5p,Kprp,"keratinocyte expressed, proline-rich"